[
  {
    "test": "JWT Token Validation",
    "success": true,
    "details": "Token valid, expires in 86400 seconds",
    "timestamp": "2025-08-30T16:15:32.053668",
    "data": null
  },
  {
    "test": "Wallet Auth Challenge",
    "success": true,
    "details": "Challenge generated successfully: Hello, please sign t...",
    "timestamp": "2025-08-30T16:15:32.072910",
    "data": null
  },
  {
    "test": "Protected Endpoints Security",
    "success": false,
    "details": "Only 1/3 endpoints require auth",
    "timestamp": "2025-08-30T16:15:32.139490",
    "data": null
  },
  {
    "test": "Betting Without Authentication",
    "success": true,
    "details": "Betting works without authentication - no auth state issues",
    "timestamp": "2025-08-30T16:15:36.594762",
    "data": null
  },
  {
    "test": "Session Persistence",
    "success": true,
    "details": "Token valid for all 5 consecutive requests",
    "timestamp": "2025-08-30T16:15:41.102899",
    "data": null
  },
  {
    "test": "Frontend Headers Compatibility",
    "success": true,
    "details": "Betting works with frontend-style headers",
    "timestamp": "2025-08-30T16:15:46.170873",
    "data": null
  }
]